Workbook

Sheet Parameters
B2: Massage base parameters | C2: values | D2: Unit | E2: length, range | F2: Description
B3: mssg1_step_time | C3: 7000 | D3: ms | E3: 2 byte | F3: Wave massage step time for 3rd speed and 3rd intensity
B4: mssg1_pump_speed | C4: 80 | D4: % | E4: 1 byte | F4: Wave massage pump speed for 3rd speed and 3rd intensity
B5: mssg2_step_time | C5: 3500 | D5: ms | E5: 2 byte | F5: Catwalk massage step time for 3rd speed and 3rd intensity
B6: mssg2_pump_speed | C6: 80 | D6: % | E6: 1 byte | F6: Catwalk massage pump speed for 3rd speed and 3rd intensity
B7: mssg3_step_time | C7: 3500 | D7: ms | E7: 2 byte | F7: Lumbar Catwalk massage step time for 3rd speed and 3rd intensity
B8: mssg3_pump_speed | C8: 80 | D8: % | E8: 1 byte | F8: Lumbar Catwalk massage pump speed for 3rd speed and 3rd intensity
B9: mssg4_step_time | C9: 7000 | D9: ms | E9: 2 byte | F9: Stretch massage step time for 3rd speed and 3rd intensity
B10: mssg4_pump_speed | C10: 80 | D10: % | E10: 1 byte | F10: Stretch massage pump speed for 3rd speed and 3rd intensity
B12: Intensity parameters | C12: values | E12: length | F12: Description
B13: intensity_2_time_coeff | C13: 100 | D13: % | E13: 1 byte | F13: 2nd intensity time coefficient
B14: intensity_2_pump_coeff | C14: 90 | D14: % | E14: 1 byte | F14: 2nd intensity pump coefficient
B15: intensity_1_time_coeff | C15: 100 | D15: % | E15: 1 byte | F15: 1st intensity time coefficient
B16: intensity_1_pump_coeff | C16: 80 | D16: % | E16: 1 byte | F16: 1st intensity pump coefficient
B18: Speed parameters | C18: values | E18: length | F18: Description
B19: speed_2_time_coeff | C19: 90 | D19: % | E19: 1 byte | F19: 2nd speed time coefficient
B20: speed_2_pump_coeff | C20: 110 | D20: % | E20: 1 byte | F20: 2nd speed pump coefficient
B21: speed_1_time_coeff | C21: 75 | D21: % | E21: 1 byte | F21: 1st speed time coefficient
B22: speed_1_pump_coeff | C22: 120 | D22: % | E22: 1 byte | F22: 1st speed pump coefficient
B24: Lumbar parameters | C24: values | E24: length | F24: Description
B25: max_press | C25: 300 | D25: hPa | E25: 1 byte (100-355) | F25: max lumbar pressure
B26: pump_speed | C26: 100 | D26: % | E26: 1 byte | F26: lumbar PWM
B28: Valve parameters | C28: values | E28: length | F28: Description
B29: ramp_up_time | C29: 150 | D29: ms | E29: 1 byte
B30: ramp_down_time | C30: 100 | D30: ms | E30: 1 byte
B31: pull_volt | C31: 100 | D31: % | E31: 1 byte | F31: PWM duty
B32: hold_volt | C32: 60 | D32: % | E32: 1 byte | F32: PWM duty
B36: Massage step time equation | F36: Description
B37: step time = base step time * intensity time coef * speed time coef | F37: for intensity 3 and speed 3 coefficients are = 1
B39: Massage pump speed equation | F39: Description
B40: step time = base step time * intensity pump coef * speed pump coef | F40: for intensity 3 and speed 3 coefficients are = 1

Sheet raw_list
A1: =Parameters!C3 -> 7000
A2: =Parameters!C4 -> 80
A3: =Parameters!C5 -> 3500
A4: =Parameters!C6 -> 80
A5: =Parameters!C7 -> 3500
A6: =Parameters!C8 -> 80
A7: =Parameters!C9 -> 7000
A8: =Parameters!C10 -> 80
A9: =Parameters!C13 -> 100
A10: =Parameters!C14 -> 90
A11: =Parameters!C15 -> 100
A12: =Parameters!C16 -> 80
A13: =Parameters!C19 -> 90
A14: =Parameters!C20 -> 110
A15: =Parameters!C21 -> 75
A16: =Parameters!C22 -> 120
A17: =Parameters!C25 -> 300
A18: =Parameters!C26 -> 100
A19: =Parameters!C27 -> 0
A20: =Parameters!C29 -> 150
A21: =Parameters!C30 -> 100
A22: =Parameters!C31 -> 100
A23: =Parameters!C32 -> 60
